policy,seed,epoch,quota,coverage_mean,coverage_p10,coverage_p90,epsilon_mean,epsilon_p90,n_anchors
hybrid,42,1,23,0.6098814807225281,0.5067671818062472,0.7606713259881881,0.5070290695482886,0.6797035916826266,2048
hybrid,42,2,23,0.6883293404314104,0.5989739873470045,0.8359337562638086,0.508449954953927,0.6798291610995626,2048
hybrid,42,3,23,0.7368589768528075,0.6543823869918686,0.8535821710725411,0.507483140359241,0.6735180901228134,2048
hybrid,42,4,23,0.771515105370369,0.6949993733760237,0.8679918494959437,0.5072511798825431,0.6772723407074879,2048
hybrid,42,5,23,0.7971275950653816,0.727211322796034,0.8805143619723887,0.5069831349086793,0.6760266166010703,2048
hybrid,43,1,23,0.6096414443983638,0.5072063479229992,0.7597617074940256,0.5072482462906011,0.678837360886537,2048
hybrid,43,2,23,0.687910419077005,0.5948413023269128,0.8319248700892536,0.5087361114548468,0.6821148560289897,2048
hybrid,43,3,23,0.7367993620460421,0.6537249664010144,0.8525860526741883,0.5084922705321305,0.6793323663918318,2048
hybrid,43,4,23,0.770849382245614,0.693917691519235,0.8682712778408158,0.5080303096499105,0.6792989061036706,2048
hybrid,43,5,23,0.7962655698731078,0.7250061103184894,0.8798903044374662,0.5089484863375825,0.6774536730290328,2048
hybrid,44,1,23,0.6093455522211259,0.5053076150545148,0.7590855616073554,0.507768242521996,0.682587896918323,2048
hybrid,44,2,23,0.687800389252595,0.5967584964368664,0.8335508370464332,0.5065631545062226,0.679169442795025,2048
hybrid,44,3,23,0.7377821499477473,0.6514784432761778,0.8551059010867872,0.5085149393337125,0.6769083602410324,2048
hybrid,44,4,23,0.7720825380065787,0.6937714077647532,0.8697989386369661,0.5074630566166874,0.6813431009943701,2048
hybrid,44,5,23,0.7971120598685657,0.7248456299416499,0.8803828620985606,0.5085749730771685,0.6789429751234396,2048
topk,42,1,23,0.6989016034052904,0.6076712307527584,0.8474826048036473,0.3654001091828436,0.49812128662310406,2048
topk,42,2,23,0.6989016034052904,0.6076712307527584,0.8474826048036473,0.3654001091828436,0.49812128662310406,2048
topk,42,3,23,0.6989016034052904,0.6076712307527584,0.8474826048036473,0.3654001091828436,0.49812128662310406,2048
topk,42,4,23,0.6989016034052904,0.6076712307527584,0.8474826048036473,0.3654001091828436,0.49812128662310406,2048
topk,42,5,23,0.6989016034052904,0.6076712307527584,0.8474826048036473,0.3654001091828436,0.49812128662310406,2048
topk,43,1,23,0.6989016034052904,0.6076712307527584,0.8474826048036473,0.3654001091828436,0.49812128662310406,2048
topk,43,2,23,0.6989016034052904,0.6076712307527584,0.8474826048036473,0.3654001091828436,0.49812128662310406,2048
topk,43,3,23,0.6989016034052904,0.6076712307527584,0.8474826048036473,0.3654001091828436,0.49812128662310406,2048
topk,43,4,23,0.6989016034052904,0.6076712307527584,0.8474826048036473,0.3654001091828436,0.49812128662310406,2048
topk,43,5,23,0.6989016034052904,0.6076712307527584,0.8474826048036473,0.3654001091828436,0.49812128662310406,2048
topk,44,1,23,0.6989016034052904,0.6076712307527584,0.8474826048036473,0.3654001091828436,0.49812128662310406,2048
topk,44,2,23,0.6989016034052904,0.6076712307527584,0.8474826048036473,0.3654001091828436,0.49812128662310406,2048
topk,44,3,23,0.6989016034052904,0.6076712307527584,0.8474826048036473,0.3654001091828436,0.49812128662310406,2048
topk,44,4,23,0.6989016034052904,0.6076712307527584,0.8474826048036473,0.3654001091828436,0.49812128662310406,2048
topk,44,5,23,0.6989016034052904,0.6076712307527584,0.8474826048036473,0.3654001091828436,0.49812128662310406,2048
proportional,42,1,23,0.5539282920560495,0.4383111632089789,0.6969621354312926,0.6090725834236532,0.8248262029106456,2048
proportional,42,2,23,0.6804141227687367,0.5856212051985861,0.828567056264192,0.6120826618432207,0.8291380138110042,2048
proportional,42,3,23,0.7447096230589046,0.658351742517869,0.8592488964159878,0.6097390173083014,0.824781956596602,2048
proportional,42,4,23,0.7845135095119224,0.706504312209785,0.8770248933096324,0.60991159279373,0.8277822117751943,2048
proportional,42,5,23,0.8117010520570884,0.7411864194585044,0.888300893767769,0.6100854832349139,0.8304490111393792,2048
proportional,43,1,23,0.5530435514628382,0.432794800817051,0.7008606447036617,0.6115992981693177,0.8374915659972181,2048
proportional,43,2,23,0.6783922842433302,0.5789435405302208,0.8304067747454509,0.6111692637721875,0.8271024834658667,2048
proportional,43,3,23,0.7431870883406451,0.6570982029295832,0.8588109108397878,0.6147344790122046,0.8305612469491032,2048
proportional,43,4,23,0.7835772544293228,0.705482811932286,0.8761134674789615,0.6088262669179796,0.834402835089994,2048
proportional,43,5,23,0.8108888032600527,0.7414127810152458,0.887447200307256,0.6142434400266072,0.834277303472182,2048
proportional,44,1,23,0.5532903028878462,0.4378722370803388,0.7003680974700239,0.6107078848777913,0.8258281085381931,2048
proportional,44,2,23,0.680633754716903,0.5835150639219461,0.8283281261450829,0.6076251019238142,0.8213884419536569,2048
proportional,44,3,23,0.7443375575168373,0.6553985891426112,0.8593610277497667,0.6105449081640869,0.8264481755821629,2048
proportional,44,4,23,0.7839859506599681,0.7079126691472042,0.8727636524329656,0.6132019156031138,0.8330887146125762,2048
proportional,44,5,23,0.8112456832095682,0.7425144255772544,0.886620430584142,0.6124583508689003,0.836269591259666,2048
uniform,42,1,23,0.04829828249323678,0.003061802385645225,0.12433140954291942,3.8534247460048707,5.788764596929023,2048
uniform,42,2,23,0.09230861293275927,0.010130070284307829,0.234042087443534,3.881759193961613,5.834837288234184,2048
uniform,42,3,23,0.1335614664253654,0.02072899161455069,0.317463704824263,3.8283532972600396,5.8336598284131504,2048
uniform,42,4,23,0.16997037996154138,0.03423589357874964,0.40287662250977924,3.8864347054857857,5.84704803348484,2048
uniform,42,5,23,0.20394374710397947,0.04902383236807949,0.4696296078979766,3.8565240702242654,5.741604563537185,2048
uniform,43,1,23,0.04794291511514255,0.002957595731183925,0.12064395009866381,3.8438033720202016,5.823378736861224,2048
uniform,43,2,23,0.09262394243838123,0.00969951080828674,0.23200944959044364,3.8602120911670728,5.869903940207289,2048
uniform,43,3,23,0.13284433546130556,0.02078057790833609,0.3160781557304569,3.860056594985897,5.851980718213889,2048
uniform,43,4,23,0.17009738786587614,0.033790205922709406,0.4094374968158999,3.8750417474572023,5.83868520039804,2048
uniform,43,5,23,0.20650777930703917,0.0471968231622835,0.48415139435745547,3.834730994826277,5.824949922617899,2048
uniform,44,1,23,0.04758677214315179,0.002977716102564686,0.12411329511960097,3.8862577304317956,5.8165986896712445,2048
uniform,44,2,23,0.09239316463738886,0.010371168543248545,0.23363663105101892,3.8540858630978763,5.839527991344325,2048
uniform,44,3,23,0.13181159044373508,0.021414987336531577,0.3262794605240632,3.890145679477013,5.8402921852001946,2048
uniform,44,4,23,0.16846141348135873,0.0343118318571193,0.39670062986978394,3.86690990297311,5.812277679314136,2048
uniform,44,5,23,0.20279977767653012,0.047753830899017406,0.4580335396834942,3.873439265546559,5.813214873717691,2048
