pair,ablation,arm,seed,graph_key,wall_clock_s,extra_args,save_dir,sts_avg,pair_avg,cls_avg,avg,avg_in,avg_out,emotion,wic,stsb,banking77,tweet,mrpc,scitail,sick,sts12,teacher_weighted_distortion,teacher_student_spearman,cosine_rmse,anisotropy,effective_rank,uniformity,encoded_texts_cum,encoded_tokens_cum,peak_memory_mb,loss,loss_rel,loss_row,row_exposed_mass,run_id,git_sha,git_dirty,gpu,support_policy,relation_target,use_ambient,knn_mode,row_weight,diffusion_scales,diffusion_quota,hard_neg_k,random_neg_k,direct_temp,learning_rate,policy
bge_m3_to_minilmv2_h768,full,full,42,base,415,,runs/ablation/bge_m3_to_minilmv2_h768/full/full/seed42,77.77202163980091,76.68649532914385,76.86515349046327,77.10789015313601,70.37,80.48,67.37046812534015,62.48615462387187,81.25573836328654,90.3777607666892,72.84723157936045,84.51614845631865,83.05718290724104,78.54805502014453,73.51227153597165,0.003292621113359928,0.8966625572848604,0.057741839438676834,0.41132140159606934,462.2423265564219,-2.215320110321045,4637220,69380613,1162.64306640625,0.7517058143118547,0.5726671660963393,0.17903864765054242,0.5242516371593656,20260902-192817-3159a8,,,NVIDIA H200,hybrid,diffusion,True,mutual,1.0,"[1, 2, 4]",22,40,26,0.1,3e-05,hybrid
bge_m3_to_minilmv2_h768,full,full,43,base,337,,runs/ablation/bge_m3_to_minilmv2_h768/full/full/seed43,77.67935977629753,76.72432440738088,76.74180064295935,77.04849494221259,70.04,80.55,66.49659504015652,62.31758572043934,81.30964075231273,90.70196640452146,73.02684048420006,84.54927853543127,83.30610896627199,78.6128899035098,73.11554867307007,0.00316962250508368,0.8962055032247028,0.057147715240716934,0.40711379051208496,462.81797421542643,-2.2316195964813232,4636299,69366649,1157.70703125,0.7528132485552421,0.5733013016070235,0.1795119487137591,0.5229303997839797,20260902-194032-2ebb1c,,,NVIDIA H200,hybrid,diffusion,True,mutual,1.0,"[1, 2, 4]",22,40,26,0.1,3e-05,hybrid
bge_m3_to_minilmv2_h768,full,full,44,base,343,,runs/ablation/bge_m3_to_minilmv2_h768/full/full/seed44,77.71968512204292,76.60683074693893,77.11475215671045,77.14708934189744,70.38,80.53,67.46541847611844,62.401881908183796,81.27405173871614,90.69463110007811,73.18420689393479,84.39971089933293,83.01889943330005,78.64396283527451,73.24104079213814,0.0031575048342347145,0.8958599100218584,0.05680958926677704,0.4081486463546753,462.93350716619614,-2.2292160987854004,4636519,69393577,1154.70703125,0.7522446877583508,0.5726278421438136,0.17961684610888856,0.5230759393547384,20260902-195147-a479a7,,,NVIDIA H200,hybrid,diffusion,True,mutual,1.0,"[1, 2, 4]",22,40,26,0.1,3e-05,hybrid
bge_m3_to_minilmv2_h768,x1,uniform,42,base,320,--support_policy uniform,runs/ablation/bge_m3_to_minilmv2_h768/x1/uniform/seed42,76.44858353177077,76.73869896155841,76.9197235847481,76.7023353593591,70.02,80.04,67.09342852782669,63.38037544784263,79.59093503609415,90.33802690971109,73.32771531670649,83.91978320364863,82.91593823318397,78.23391525544567,71.52090030377248,0.005979842506349087,0.8645153181656989,0.07584191858768463,0.4471665620803833,453.45739444485184,-2.0915510654449463,4615988,68556442,1161.64306640625,1.3704129276682415,1.086345990687185,0.28406693782851594,0.4526003884478203,20260902-193512-9852d1,,,NVIDIA H200,uniform,diffusion,True,mutual,1.0,"[1, 2, 4]",22,40,26,0.1,3e-05,uniform
bge_m3_to_minilmv2_h768,x1,uniform,43,base,338,--support_policy uniform,runs/ablation/bge_m3_to_minilmv2_h768/x1/uniform/seed43,76.29869045844043,76.39373198731286,77.0551361763126,76.58251954068864,70.0,79.87,67.51881017280253,63.11597890947862,79.36336001407612,90.55127386853579,73.09532448759948,83.62795403792964,82.43726301453034,78.21810596958177,71.3146053916634,0.005920492112636566,0.8685647625936578,0.07543957978487015,0.44714614748954773,453.53404258795314,-2.0916213989257812,4615632,68564152,1160.248046875,1.3767618517175104,1.0932157463372036,0.28354610425036103,0.4514319526640725,20260902-194609-125ae5,,,NVIDIA H200,uniform,diffusion,True,mutual,1.0,"[1, 2, 4]",22,40,26,0.1,3e-05,uniform
bge_m3_to_minilmv2_h768,x1,uniform,44,base,350,--support_policy uniform,runs/ablation/bge_m3_to_minilmv2_h768/x1/uniform/seed44,76.3437244117409,76.61028402804301,77.27661613968543,76.74354152648978,69.98,80.12,67.35211448119838,63.139712885537655,79.45874824576987,90.72742976298818,73.75030417486971,83.90189978116464,82.78923941742673,78.06625525268035,71.50616973677248,0.0059783062897622585,0.8691325720233802,0.0755944550037384,0.4467860758304596,454.3148274786089,-2.090710163116455,4617541,68613372,1154.79248046875,1.3709101230612297,1.0860212662773674,0.2848888560776462,0.45091718689525295,20260902-195730-783d2c,,,NVIDIA H200,uniform,diffusion,True,mutual,1.0,"[1, 2, 4]",22,40,26,0.1,3e-05,uniform
qwen3_0_6b_to_minilmv2_h384,full,full,42,base,361,,runs/ablation/qwen3_0_6b_to_minilmv2_h384/full/full/seed42,74.91626140336889,76.74113976374572,73.65341511154055,75.1036054262184,68.43,78.44,62.17075641973903,65.66285097582593,77.4569505529251,88.05055072061016,70.73893819427252,82.46646152533705,82.0941067900742,74.05650299807493,73.23533065910665,0.019336888566613197,0.8079567339412904,0.15312650799751282,0.4536186456680298,231.20270491458248,-2.060227870941162,4689556,70801037,470.25830078125,1.0387913773975102,0.6386780422445723,0.4001133361416405,0.513564250339264,20260902-155850-831967,,,NVIDIA H200,hybrid,diffusion,True,mutual,1.0,"[1, 2, 4]",23,40,26,0.1,3e-05,hybrid
qwen3_0_6b_to_minilmv2_h384,full,full,43,base,320,,runs/ablation/qwen3_0_6b_to_minilmv2_h384/full/full/seed43,74.78128821530335,76.90690412578961,73.69981574111095,75.1293360274013,68.57,78.41,62.58832473655694,65.75378934175764,77.35478143621528,87.9667997535149,70.54432273326098,82.4038628735197,82.56306016209146,73.9099018707884,73.07918133890638,0.018273068591952324,0.8075539759294678,0.14821606874465942,0.4478364586830139,231.22249358355626,-2.0822932720184326,4686203,70748706,469.75830078125,1.0384350113959109,0.639475250131146,0.39895976423087276,0.512802000011878,20260902-160453-643685,,,NVIDIA H200,hybrid,diffusion,True,mutual,1.0,"[1, 2, 4]",23,40,26,0.1,3e-05,hybrid
qwen3_0_6b_to_minilmv2_h384,full,full,44,base,322,,runs/ablation/qwen3_0_6b_to_minilmv2_h384/full/full/seed44,74.92507886288988,76.8650700350893,73.96912250751342,75.25309046849753,68.9,78.43,63.171017842222646,65.91755841593309,77.61862624672638,88.07451508237169,70.66183459794594,82.47160509697866,82.20604659235617,74.07525837869323,73.08135196324999,0.018695663660764694,0.8094555280646586,0.1498226672410965,0.4498509466648102,231.5212728048678,-2.0741970539093018,4687225,70768481,469.75830078125,1.0368441961952861,0.6381938175002545,0.39865038010746384,0.5132511663493387,20260902-161010-06e3d7,,,NVIDIA H200,hybrid,diffusion,True,mutual,1.0,"[1, 2, 4]",23,40,26,0.1,3e-05,hybrid
qwen3_0_6b_to_minilmv2_h384,g1,directed,42,directed,392,--knn_mode directed,runs/ablation/qwen3_0_6b_to_minilmv2_h384/g1/directed/seed42,74.6393612610161,76.54151408293112,74.66618718851858,75.2823541774886,69.11,78.37,64.72401839759291,65.30798584197657,77.28723396396148,88.39285590776188,70.88168726020095,82.79422410360911,81.52233230320762,73.69895680074143,72.93189301834542,0.02770572528243065,0.8052445025485386,0.19043977558612823,0.4935934841632843,231.2709872103098,-1.8981813192367554,4906502,75049681,470.63330078125,1.307715467367127,0.607173793971256,0.7005416784806274,0.5651334433758993,20260902-190347-48d848,,,NVIDIA H200,hybrid,diffusion,True,directed,1.0,"[1, 2, 4]",26,40,26,0.1,3e-05,hybrid
qwen3_0_6b_to_minilmv2_h384,g1,symmetrized,42,symmetrized,399,--knn_mode symmetrized,runs/ablation/qwen3_0_6b_to_minilmv2_h384/g1/symmetrized/seed42,74.64414796329756,76.66804555794678,74.471060991843,75.26108483769578,68.97,78.41,64.19331484969538,65.38223689196339,77.33517566069936,88.48206538816534,70.7378027376683,82.69285392012257,81.92904586175437,73.71275857969596,72.8845096494973,0.022910434752702713,0.8099615086397749,0.1721261888742447,0.47417473793029785,233.9164717477465,-1.9753789901733398,4849784,74584190,723.796875,1.3556896193897554,0.5852414039073962,0.7704482160473322,0.559689471224473,20260902-191019-84a957,,,NVIDIA H200,hybrid,diffusion,True,symmetrized,1.0,"[1, 2, 4]",25,40,26,0.1,3e-05,hybrid
qwen3_0_6b_to_minilmv2_h384,n1,all_hard,42,base,348,--hard_neg_k 66 --random_neg_k 0,runs/ablation/qwen3_0_6b_to_minilmv2_h384/n1/all_hard/seed42,74.75755617240922,76.73887502512487,73.93914765324526,75.14519295025978,68.79,78.32,62.99485917532951,65.88863650575006,77.48628179001629,88.09562647195695,70.72695731244933,82.17033513096528,82.15765343865928,73.97112890998837,72.81525781722304,0.01950284093618393,0.7884806201393454,0.15745213627815247,0.4580551087856293,231.61943755959157,-2.0511293411254883,4351605,63092894,469.43017578125,1.0803733685570305,0.6781142820114208,0.4022590888055015,0.5123678574347383,20260902-191658-262e55,,,NVIDIA H200,hybrid,diffusion,True,mutual,1.0,"[1, 2, 4]",23,66,0,0.1,3e-05,hybrid
qwen3_0_6b_to_minilmv2_h384,n1,all_uniform,42,base,331,--hard_neg_k 0 --random_neg_k 66,runs/ablation/qwen3_0_6b_to_minilmv2_h384/n1/all_uniform/seed42,75.09594022826145,76.92782963934037,73.5417855230037,75.18851846353519,68.29,78.64,61.721316711446995,65.6015094140938,77.55546961780232,88.17776700187561,70.7262728556885,82.66777548375669,82.51420402017065,74.25025958480997,73.4820914821721,0.02091568522155285,0.8310648120779028,0.15467792749404907,0.4551019072532654,230.10679902666396,-2.039252996444702,4961295,79010079,470.40771484375,0.9362975740319744,0.5449264878627813,0.3913710839093014,0.496759083033738,20260902-192246-fb87cd,,,NVIDIA H200,hybrid,diffusion,True,mutual,1.0,"[1, 2, 4]",23,0,66,0.1,3e-05,hybrid
qwen3_0_6b_to_minilmv2_h384,s1,batch_local,42,base,143,--batch_local --row_weight 0,runs/ablation/qwen3_0_6b_to_minilmv2_h384/s1/batch_local/seed42,65.90665039497746,74.97660923977371,71.92611580428284,70.93645847967801,63.09,74.86,57.65650366059042,65.40599360782777,66.20299992123476,86.45374070850157,71.66810304375653,82.15629561203014,77.36753849946321,67.126409079741,64.39054218395664,0.08244335651397705,0.8767998082602423,0.3332749009132385,0.6477851867675781,224.90271980735216,-1.3245075941085815,135040,2221498,464.00830078125,0.11624584746021795,0.11624584746021795,0.0,0.0,20260902-164052-1ddd44,,,NVIDIA H200,hybrid,ambient_only,True,mutual,0.0,"[1, 2, 4]",23,40,26,0.1,3e-05,batch_local
qwen3_0_6b_to_minilmv2_h384,s1,batch_local,43,base,147,--batch_local --row_weight 0,runs/ablation/qwen3_0_6b_to_minilmv2_h384/s1/batch_local/seed43,65.78886795219871,74.67814362736084,72.0687380398492,70.84524987313625,63.04,74.75,57.885387676984244,65.14975440424884,66.08132070303887,86.51421258071377,71.80661386184956,82.19191051406949,76.6927659637642,67.30449602961458,63.980787123942704,0.08537957072257996,0.8768190959517634,0.3402054011821747,0.6547983884811401,224.6657933399733,-1.298067569732666,135040,2221144,465.38330078125,0.11576234976544765,0.11576234976544765,0.0,0.0,20260902-170535-e9ac5e,,,NVIDIA H200,hybrid,ambient_only,True,mutual,0.0,"[1, 2, 4]",23,40,26,0.1,3e-05,batch_local
qwen3_0_6b_to_minilmv2_h384,s1,batch_local,44,base,146,--batch_local --row_weight 0,runs/ablation/qwen3_0_6b_to_minilmv2_h384/s1/batch_local/seed44,66.34714710667835,74.88433955283419,72.11942332433053,71.11696999461435,63.2,75.07,57.85819126324389,65.37942155244713,66.36651699378953,86.48438301463224,72.01569569511543,82.25906441235001,77.01453269370543,67.81421856023402,64.86070576601146,0.08341753482818604,0.8769803027519576,0.3352408707141876,0.6497809886932373,224.30942189643125,-1.3160653114318848,135040,2221520,462.88330078125,0.11474932525395216,0.11474932525395216,0.0,0.0,20260902-173125-4dddb4,,,NVIDIA H200,hybrid,ambient_only,True,mutual,0.0,"[1, 2, 4]",23,40,26,0.1,3e-05,batch_local
qwen3_0_6b_to_minilmv2_h384,s1,proportional,42,base,329,--support_policy proportional,runs/ablation/qwen3_0_6b_to_minilmv2_h384/s1/proportional/seed42,74.871137013964,76.92522420511423,73.49231874063763,75.09622665323862,68.41,78.44,61.876617961755684,65.87295454881924,77.48095115469806,88.02057018050193,70.57976807965525,82.39340744487154,82.50931062165192,74.17134388697039,72.96111600022357,0.019590122625231743,0.8058264977979719,0.15442804992198944,0.45511192083358765,231.00871534422058,-2.0555012226104736,4691271,70903313,469.75830078125,1.0867002210910852,0.6757688485615626,0.4109313762018466,0.4869325577647765,20260902-162940-b8bfa5,,,NVIDIA H200,proportional,diffusion,True,mutual,1.0,"[1, 2, 4]",23,40,26,0.1,3e-05,proportional
qwen3_0_6b_to_minilmv2_h384,s1,proportional,43,base,296,--support_policy proportional,runs/ablation/qwen3_0_6b_to_minilmv2_h384/s1/proportional/seed43,74.76239268642888,76.8374108321657,73.97173650563214,75.19051334140892,68.81,78.38,63.30132784539765,65.71600233687921,77.40461420712037,88.05690490644812,70.55697676505063,82.44846294220174,82.34776721741612,73.87079417328223,73.01176967888404,0.018795020878314972,0.8052681858912426,0.15097397565841675,0.4512529671192169,231.1789976152995,-2.071773052215576,4689013,70894106,469.78759765625,1.0852093216367242,0.6754005362072262,0.4098087851470116,0.48714276569149506,20260902-165441-d890b4,,,NVIDIA H200,proportional,diffusion,True,mutual,1.0,"[1, 2, 4]",23,40,26,0.1,3e-05,proportional
qwen3_0_6b_to_minilmv2_h384,s1,proportional,44,base,342,--support_policy proportional,runs/ablation/qwen3_0_6b_to_minilmv2_h384/s1/proportional/seed44,74.8707513491406,76.91300863070153,73.39456685246978,75.05944227743731,68.25,78.46,61.35366789947505,65.86310962879283,77.5304075870933,88.1892173835336,70.64081527440068,82.39199921782887,82.4839170454829,74.05051414619801,73.03133231413051,0.018941141664981842,0.8072417637058611,0.15105827152729034,0.4514341950416565,231.36393612173543,-2.0693821907043457,4690533,70942207,470.74267578125,1.0839945515750145,0.6739498261026862,0.4100447273084903,0.4867560506149491,20260902-171938-dcd2e9,,,NVIDIA H200,proportional,diffusion,True,mutual,1.0,"[1, 2, 4]",23,40,26,0.1,3e-05,proportional
qwen3_0_6b_to_minilmv2_h384,s1,topk,42,base,346,--support_policy topk,runs/ablation/qwen3_0_6b_to_minilmv2_h384/s1/topk/seed42,75.00527774102086,76.85041608777932,73.69010373647961,75.18193252175995,68.53,78.51,62.334341211729026,65.68208275620636,77.58308073090275,88.18300456603646,70.55296543167334,82.36765821826062,82.501507288871,73.93719391866068,73.49555857349918,0.018273215740919113,0.8053560085680249,0.148717999458313,0.44753506779670715,231.7334333637896,-2.079390048980713,4673786,70318074,470.47802734375,0.9520531276955989,0.582756536831788,0.36929659029883793,0.594782301882432,20260902-162354-f69852,,,NVIDIA H200,topk,diffusion,True,mutual,1.0,"[1, 2, 4]",23,40,26,0.1,3e-05,topk
qwen3_0_6b_to_minilmv2_h384,s1,topk,43,base,336,--support_policy topk,runs/ablation/qwen3_0_6b_to_minilmv2_h384/s1/topk/seed43,75.02017059078686,76.83096631930641,74.07599343149613,75.30904344719646,68.77,78.58,62.8900844115716,65.69882194924229,77.72646588953953,88.298961116559,71.03893476635777,82.49804677134244,82.29603023733449,73.97455548738883,73.3594903954322,0.01698087714612484,0.8040573146989266,0.14334727823734283,0.44167590141296387,232.32001828855593,-2.105201244354248,4672207,70325758,469.25830078125,0.9520255194456091,0.5826390478848281,0.36938647043083517,0.5947011483224083,20260902-164905-cf2b3d,,,NVIDIA H200,topk,diffusion,True,mutual,1.0,"[1, 2, 4]",23,40,26,0.1,3e-05,topk
qwen3_0_6b_to_minilmv2_h384,s1,topk,44,base,333,--support_policy topk,runs/ablation/qwen3_0_6b_to_minilmv2_h384/s1/topk/seed44,75.04177394507391,76.91583741089043,73.28876682593368,75.08212606063267,68.42,78.42,61.63784732735493,65.88523797890608,77.72526326391802,87.946455664789,70.28199748565709,82.4651302066085,82.39714404715673,73.98135806928853,73.41870050201517,0.017839699983596802,0.806632681186136,0.14695389568805695,0.4457066059112549,231.83387985218786,-2.0875391960144043,4673270,70337946,470.42626953125,0.9504380497322263,0.5814169189093802,0.3690211315290623,0.595170552131689,20260902-171405-10eb84,,,NVIDIA H200,topk,diffusion,True,mutual,1.0,"[1, 2, 4]",23,40,26,0.1,3e-05,topk
qwen3_0_6b_to_minilmv2_h384,s1,uniform,42,base,341,--support_policy uniform,runs/ablation/qwen3_0_6b_to_minilmv2_h384/s1/uniform/seed42,73.75884279572442,76.56119839130534,74.22134327654489,74.84712815452488,68.9,77.82,64.34623721799508,65.95024287562129,76.390123761243,87.84339229801506,70.47440031362451,82.2184464365411,81.5149058617536,73.17708905026468,71.70931557566556,0.03718259558081627,0.7770239189823099,0.22035981714725494,0.5266892910003662,225.94330695032716,-1.792380928993225,4665050,70069550,470.42626953125,1.7447769766170267,1.2237516263084953,0.5210253534158824,0.4323202639959435,20260902-163511-20f08b,,,NVIDIA H200,uniform,diffusion,True,mutual,1.0,"[1, 2, 4]",23,40,26,0.1,3e-05,uniform
qwen3_0_6b_to_minilmv2_h384,s1,uniform,43,base,357,--support_policy uniform,runs/ablation/qwen3_0_6b_to_minilmv2_h384/s1/uniform/seed43,73.6944280824332,76.52021527120193,74.09639638810073,74.77034658057862,68.62,77.85,63.669302625906255,65.99211195518403,76.198039164446,87.76937225143026,70.85051428696566,82.00225158508546,81.56628227333628,73.37097445190166,71.51427063095196,0.03613054379820824,0.7767667030790304,0.21778595447540283,0.5240663886070251,226.10464493460967,-1.8041476011276245,4663568,70054540,469.75830078125,1.7446998696756588,1.2235734276296968,0.521126441339746,0.43151262360161513,20260902-165938-732e34,,,NVIDIA H200,uniform,diffusion,True,mutual,1.0,"[1, 2, 4]",23,40,26,0.1,3e-05,uniform
qwen3_0_6b_to_minilmv2_h384,s1,uniform,44,base,364,--support_policy uniform,runs/ablation/qwen3_0_6b_to_minilmv2_h384/s1/uniform/seed44,73.50810004161156,76.4795084500029,73.92539932302077,74.63766927154508,68.37,77.77,63.04228199434358,65.97675480496402,76.09592379237853,88.01755152254299,70.71636445217574,81.93377184159245,81.52799870345223,73.26196062270992,71.1664157097462,0.03667618706822395,0.7751198249160154,0.21900849044322968,0.5252681374549866,225.8437523410319,-1.7985541820526123,4663170,70040252,469.87255859375,1.7412002482120459,1.2190247440790114,0.522175503144332,0.4316549226288547,20260902-172520-dfced5,,,NVIDIA H200,uniform,diffusion,True,mutual,1.0,"[1, 2, 4]",23,40,26,0.1,3e-05,uniform
qwen3_0_6b_to_minilmv2_h384,s1,uniform_corpus,42,base,343,--relation_target ambient_only --row_weight 0 --diffusion_quota 0 --hard_neg_k 0 --random_neg_k 89,runs/ablation/qwen3_0_6b_to_minilmv2_h384/s1/uniform_corpus/seed42,70.10192765505101,75.97124293833777,73.61257201810088,73.22858087049656,66.22,76.73,60.943346862736725,66.25879666132522,71.47032662593207,87.55059652800459,72.34377266356135,82.28580979919123,79.36912235449687,71.60807800541808,67.22737833380287,0.04949470981955528,0.9047548250271031,0.2460806965827942,0.5601156949996948,241.42036655472873,-1.6571543216705322,4986868,82135259,466.33837890625,0.11635804003307605,0.11635804003307605,0.0,0.0,20260902-164323-adc54c,,,NVIDIA H200,hybrid,ambient_only,True,mutual,0.0,"[1, 2, 4]",0,0,89,0.1,3e-05,uniform_corpus
qwen3_0_6b_to_minilmv2_h384,s1,uniform_corpus,43,base,355,--relation_target ambient_only --row_weight 0 --diffusion_quota 0 --hard_neg_k 0 --random_neg_k 89,runs/ablation/qwen3_0_6b_to_minilmv2_h384/s1/uniform_corpus/seed43,70.34104577327327,76.09633041625263,73.9642438712968,73.46720668694088,66.6,76.9,61.651344564335865,66.31709016784973,71.8169161470718,87.71091308693448,72.5304739626201,82.35367600030239,79.61822508060574,71.79716264638044,67.40905852636755,0.048407528549432755,0.90427709922122,0.24432815611362457,0.5584639310836792,241.89275840728013,-1.6665996313095093,4988055,82149281,465.77880859375,0.11661079871993495,0.11661079871993495,0.0,0.0,20260902-170809-0c2748,,,NVIDIA H200,hybrid,ambient_only,True,mutual,0.0,"[1, 2, 4]",0,0,89,0.1,3e-05,uniform_corpus
qwen3_0_6b_to_minilmv2_h384,s1,uniform_corpus,44,base,310,--relation_target ambient_only --row_weight 0 --diffusion_quota 0 --hard_neg_k 0 --random_neg_k 89,runs/ablation/qwen3_0_6b_to_minilmv2_h384/s1/uniform_corpus/seed44,70.3245183044642,76.08977671280873,73.96882375960831,73.46103959229374,66.7,76.84,62.05489314316234,66.3043366502014,71.72989006628751,87.4821221896255,72.36945594603709,82.32743007695677,79.63756341126802,71.82843824158802,67.41522660551709,0.04806392639875412,0.9038497820160909,0.24243611097335815,0.5564618706703186,241.5860482721624,-1.6724660396575928,4987177,82135100,465.75830078125,0.11631736138138161,0.11631736138138161,0.0,0.0,20260902-173358-c4c64f,,,NVIDIA H200,hybrid,ambient_only,True,mutual,0.0,"[1, 2, 4]",0,0,89,0.1,3e-05,uniform_corpus
qwen3_0_6b_to_minilmv2_h384,s2,local_only,42,r1,331,--diffusion_scales 1,runs/ablation/qwen3_0_6b_to_minilmv2_h384/s2/local_only/seed42,75.1662443039205,76.94076921939795,73.65168391677118,75.25289914669655,68.58,78.59,62.00474526337717,66.01369829033766,77.72443004178446,88.20991837606194,70.74038811087443,82.5615433228635,82.2470660449927,74.27606170682874,73.4982411631483,0.024795860052108765,0.8142440136136172,0.18063746392726898,0.48488545417785645,233.02913949393084,-1.9419349431991577,4381089,64191648,469.75830078125,0.9800260411619575,0.57974649393728,0.4002795469421911,0.49484635246873465,20260902-173910-3ddc2a,,,NVIDIA H200,hybrid,diffusion,True,mutual,1.0,[1],15,40,26,0.1,3e-05,hybrid
qwen3_0_6b_to_minilmv2_h384,s2,local_only,43,r1,320,--diffusion_scales 1,runs/ablation/qwen3_0_6b_to_minilmv2_h384/s2/local_only/seed43,75.00226937623664,77.03088254327854,73.36542413788915,75.13285868580145,68.3,78.55,61.222172642253135,66.2015947102379,77.4779474799425,88.09159318999178,70.78250658142254,82.49537325799426,82.39567966160347,74.07040345574705,73.4584571930204,0.023908093571662903,0.8140195420894593,0.1769055724143982,0.48071256279945374,232.56662453092446,-1.9580968618392944,4380863,64170641,468.75830078125,0.9824586386364218,0.5798343805622715,0.4026242565204747,0.4945549357558879,20260902-174440-6bf86c,,,NVIDIA H200,hybrid,diffusion,True,mutual,1.0,[1],15,40,26,0.1,3e-05,hybrid
qwen3_0_6b_to_minilmv2_h384,s2,local_only,44,r1,310,--diffusion_scales 1,runs/ablation/qwen3_0_6b_to_minilmv2_h384/s2/local_only/seed44,75.10469144303713,76.99494921029778,73.78215010775749,75.29393025369747,68.67,78.61,62.37920029944849,66.00204042830482,77.62716855377411,88.2238372808342,70.74341274298975,82.71014215670029,82.27266504588822,74.09238838497551,73.59451739036173,0.02428397536277771,0.8148404959411275,0.1783323585987091,0.48231616616249084,232.4633278697528,-1.9518606662750244,4379698,64182342,469.25830078125,0.9823117468029402,0.5797938361269603,0.4025179122296555,0.4942076552253199,20260902-175000-b05424,,,NVIDIA H200,hybrid,diffusion,True,mutual,1.0,[1],15,40,26,0.1,3e-05,hybrid
qwen3_0_6b_to_minilmv2_h384,s3,direct_target,42,base,323,--relation_target direct,runs/ablation/qwen3_0_6b_to_minilmv2_h384/s3/direct_target/seed42,75.12334313981786,76.70327700695834,73.45533506313403,75.09398506997007,68.13,78.58,61.67119038709323,65.44634428651248,77.26315917935389,88.36871622657898,70.32609857572986,82.39059249467564,82.2728942396869,74.00891845071752,74.0979517893822,0.029752302914857864,0.804362578832142,0.20293939113616943,0.508711576461792,235.26403897431854,-1.855084776878357,4689556,70801037,469.75830078125,0.667466281997084,0.27938035257619703,0.3880859277259682,0.513564250339264,20260902-175511-019cc4,,,NVIDIA H200,hybrid,direct,True,mutual,1.0,"[1, 2, 4]",23,40,26,0.1,3e-05,hybrid
qwen3_0_6b_to_minilmv2_h384,s3,direct_target,43,base,358,--relation_target direct,runs/ablation/qwen3_0_6b_to_minilmv2_h384/s3/direct_target/seed43,75.06120493533415,76.88748178005277,73.60871073070804,75.18579914869832,68.29,78.63,62.083427820869055,65.53326586973718,77.25950814865311,88.3062232489053,70.43648112234973,82.31638155004968,82.81279792037145,73.90437401679092,74.01973264055839,0.028455819934606552,0.8044806157671088,0.19806358218193054,0.5033817291259766,235.28842976070533,-1.8752145767211914,4686203,70748706,469.75830078125,0.6664134916536051,0.2796480818099885,0.38676541266848125,0.512802000011878,20260902-180033-379d25,,,NVIDIA H200,hybrid,direct,True,mutual,1.0,"[1, 2, 4]",23,40,26,0.1,3e-05,hybrid
qwen3_0_6b_to_minilmv2_h384,s3,direct_target,44,base,349,--relation_target direct,runs/ablation/qwen3_0_6b_to_minilmv2_h384/s3/direct_target/seed44,75.18698504824864,76.80253704983959,73.96242393117133,75.31731534308652,68.6,78.68,62.69123295533514,65.62179125153975,77.47758944111543,88.47064962615113,70.72538921202775,82.41439702367937,82.37142287429964,74.1073718943669,73.97599380926361,0.028937119990587234,0.8060205948442584,0.19987311959266663,0.5054839253425598,235.62188590749253,-1.867692232131958,4687225,70768481,469.75830078125,0.6656652999715218,0.2792457159237839,0.3864195855307918,0.5132511663493387,20260902-180632-fef8cf,,,NVIDIA H200,hybrid,direct,True,mutual,1.0,"[1, 2, 4]",23,40,26,0.1,3e-05,hybrid
qwen3_0_6b_to_minilmv2_h384,s4,neither,42,base,339,--no_ambient --row_weight 0,runs/ablation/qwen3_0_6b_to_minilmv2_h384/s4/neither/seed42,72.22721148447553,75.48021331219161,73.6147076570485,73.77404415123856,67.75,76.79,62.8447283230828,65.34647836115235,75.05162028571756,87.37398296855226,70.62541167951045,80.88579531694083,80.20836625848163,72.48719488681475,69.1428192808943,0.01669847033917904,0.6635002679414523,0.13136637210845947,0.3556828498840332,214.28510195708165,-2.339811325073242,4689556,70801037,443.78759765625,0.9986030041324019,0.9986030041324019,0.0,0.0,20260902-182334-d8d57f,,,NVIDIA H200,hybrid,diffusion,False,mutual,0.0,"[1, 2, 4]",23,40,26,0.1,3e-05,hybrid
qwen3_0_6b_to_minilmv2_h384,s4,neither,43,base,350,--no_ambient --row_weight 0,runs/ablation/qwen3_0_6b_to_minilmv2_h384/s4/neither/seed43,72.11813248873212,75.6191705207873,73.73039799529865,73.82256700160603,67.87,76.8,63.37678218961108,65.45319821435733,74.79363303798074,87.51262829717948,70.30178349910535,80.9331666746651,80.4711466733395,72.28823041710727,69.27253401110833,0.015940682962536812,0.6657754495291016,0.1292341649532318,0.3481385111808777,214.40666033610293,-2.368807077407837,4686203,70748706,439.28759765625,0.9978267301880352,0.9978267301880352,0.0,0.0,20260902-184059-799f8f,,,NVIDIA H200,hybrid,diffusion,False,mutual,0.0,"[1, 2, 4]",23,40,26,0.1,3e-05,hybrid
qwen3_0_6b_to_minilmv2_h384,s4,neither,44,base,339,--no_ambient --row_weight 0,runs/ablation/qwen3_0_6b_to_minilmv2_h384/s4/neither/seed44,72.03258014320107,75.57466805675183,73.76311052845732,73.79011957613673,67.89,76.74,63.05298575734918,65.66292384323197,74.94721820772203,87.38498136931467,70.85136445870806,80.82569578799192,80.23538453903161,72.57469023146648,68.5758319904147,0.015437990427017212,0.6636517645095039,0.12807582318782806,0.34462985396385193,214.85632333864254,-2.3856284618377686,4687225,70768481,443.78759765625,0.9947823376452188,0.9947823376452188,0.0,0.0,20260902-185808-24e52d,,,NVIDIA H200,hybrid,diffusion,False,mutual,0.0,"[1, 2, 4]",23,40,26,0.1,3e-05,hybrid
qwen3_0_6b_to_minilmv2_h384,s4,no_ambient,42,base,341,--no_ambient,runs/ablation/qwen3_0_6b_to_minilmv2_h384/s4/no_ambient/seed42,74.66857003311368,76.58514053411189,73.5173797638563,74.92369677702729,68.24,78.26,61.906765754575396,65.4470660662653,77.37059250100555,88.15714897232905,70.48822456466443,82.26202787592143,82.04632766014895,73.8017758420089,72.83334175632663,0.019174350425601006,0.7284645406763868,0.14664189517498016,0.43014052510261536,223.9215721204136,-2.1191256046295166,4689556,70801037,443.78759765625,1.3681615839637287,0.9125164829159235,0.4556451037314266,0.513564250339264,20260902-181220-550c64,,,NVIDIA H200,hybrid,diffusion,False,mutual,1.0,"[1, 2, 4]",23,40,26,0.1,3e-05,hybrid
qwen3_0_6b_to_minilmv2_h384,s4,no_ambient,43,base,359,--no_ambient,runs/ablation/qwen3_0_6b_to_minilmv2_h384/s4/no_ambient/seed43,74.48901929868094,76.7279379036688,73.45669830207372,74.8912185014745,68.28,78.2,62.01415615930684,65.54134996408084,77.27285926627987,87.82905883131917,70.52687991559513,82.16636079496142,82.47610295196418,73.63259032142784,72.56160830833515,0.01788199692964554,0.7287324963823019,0.1411488801240921,0.42242932319641113,223.8525078613892,-2.148650646209717,4686203,70748706,439.29541015625,1.3677392559593888,0.9131363113344563,0.4546029457548783,0.512802000011878,20260902-182912-c87f0f,,,NVIDIA H200,hybrid,diffusion,False,mutual,1.0,"[1, 2, 4]",23,40,26,0.1,3e-05,hybrid
qwen3_0_6b_to_minilmv2_h384,s4,no_ambient,44,base,343,--no_ambient,runs/ablation/qwen3_0_6b_to_minilmv2_h384/s4/no_ambient/seed44,74.63734924037226,76.64886257206861,73.81058942297928,75.03226707847337,68.68,78.21,62.87588998298717,65.71892864571798,77.45626640482644,87.8193307538233,70.73654753212736,82.12453449717776,82.10312457331005,73.8909874263206,72.56479388996972,0.018488707020878792,0.7293317260723355,0.14351698756217957,0.42544081807136536,224.08520463410287,-2.136160373687744,4687225,70768481,443.78759765625,1.3650552548503423,0.910768879533379,0.45428637150339607,0.5132511663493387,20260902-184649-4d3e2d,,,NVIDIA H200,hybrid,diffusion,False,mutual,1.0,"[1, 2, 4]",23,40,26,0.1,3e-05,hybrid
qwen3_0_6b_to_minilmv2_h384,s4,no_row,42,base,332,--row_weight 0,runs/ablation/qwen3_0_6b_to_minilmv2_h384/s4/no_row/seed42,72.85092516969598,76.04505601326785,73.73578368718664,74.21058829005015,67.94,77.35,62.749601481372785,65.72446471496005,75.33280775678661,87.61613677806615,70.841612802121,81.85419794438043,80.55650538046311,72.76122132241424,70.4587464298871,0.01590663008391857,0.7927864619497497,0.12784072756767273,0.42438170313835144,228.78445688368043,-2.1765596866607666,4689556,70801037,469.75830078125,0.7067552124154511,0.7067552124154511,0.0,0.0,20260902-181801-4c7fc9,,,NVIDIA H200,hybrid,diffusion,True,mutual,0.0,"[1, 2, 4]",23,40,26,0.1,3e-05,hybrid
qwen3_0_6b_to_minilmv2_h384,s4,no_row,43,base,347,--row_weight 0,runs/ablation/qwen3_0_6b_to_minilmv2_h384/s4/no_row/seed43,72.76577758811268,76.15118890623614,73.52869982824936,74.14855544086606,67.89,77.28,62.77684676437993,65.80438136556891,75.09895081956955,87.48291854289288,70.32633417747527,81.83026887940127,80.81891647373824,72.59393988510445,70.60444205966404,0.015202036127448082,0.7928913096424227,0.12372412532567978,0.4187607765197754,228.94265355134678,-2.1966326236724854,4686203,70748706,469.75830078125,0.7066311638502148,0.7066311638502148,0.0,0.0,20260902-183512-049f46,,,NVIDIA H200,hybrid,diffusion,True,mutual,0.0,"[1, 2, 4]",23,40,26,0.1,3e-05,hybrid
qwen3_0_6b_to_minilmv2_h384,s4,no_row,44,base,336,--row_weight 0,runs/ablation/qwen3_0_6b_to_minilmv2_h384/s4/no_row/seed44,72.83361621905165,76.10857746153296,74.06974445964237,74.33731271340899,68.32,77.35,63.55783012766143,66.07292782614905,75.328459434511,87.51310958878526,71.13829366248042,81.83057516029383,80.42222939815599,72.90951053632563,70.26287868631833,0.014695248566567898,0.7930456016381529,0.12133675813674927,0.4158535599708557,229.39149795401255,-2.2088849544525146,4687225,70768481,469.75830078125,0.7040504118277563,0.7040504118277563,0.0,0.0,20260902-185232-42140c,,,NVIDIA H200,hybrid,diffusion,True,mutual,0.0,"[1, 2, 4]",23,40,26,0.1,3e-05,hybrid
